perfume,ingredient_id,ingredient,greek,membership,membership_note,claim_id,place,evidence,cite,note,route,point_source,pleiades_id,pleiades_title,pleiades_uri,lat,lon
nardinon,balanos,balanos oil / perfumers’ balanos nut,ἔλαιον βαλάνινον / βάλανος μυρεψική,member,Role in nardinon: base oil (Dsc 1.62: mixed for the most part with balanos oil). Ingredient-level claim reused from the project dataset.,bal-trog,Troglodytic coast,attested-ancient,"Pliny, Naturalis historia 12.100–102","Common to the Troglodytes; the Troglodytic grade is described as the cheapest. This maps the ancient grade claim, not a modern species range.",redsea,project-plot,39435,Trogodytice,https://pleiades.stoa.org/places/39435,17.5,38.5
nardinon,balanos,balanos oil / perfumers’ balanos nut,ἔλαιον βαλάνινον / βάλανος μυρεψική,member,Role in nardinon: base oil (Dsc 1.62: mixed for the most part with balanos oil). Ingredient-level claim reused from the project dataset.,bal-thebaid,Thebaid,attested-ancient,"Pliny, Naturalis historia 12.100–101",The Thebaid grade is black and abundant.,nile,project-plot,786131,Thebais,https://pleiades.stoa.org/places/786131,25.7,32.7
nardinon,balanos,balanos oil / perfumers’ balanos nut,ἔλαιον βαλάνινον / βάλανος μυρεψική,member,Role in nardinon: base oil (Dsc 1.62: mixed for the most part with balanos oil). Ingredient-level claim reused from the project dataset.,bal-arabia,Arabia between Judaea and Egypt,attested-ancient,"Pliny, Naturalis historia 12.100–101",Pliny locates an Arabian grade in the tract separating Judaea from Egypt and says the Arabian kind is called ‘Syrian’. [Pleiades match: Pliny's phrase; the Nabataean zone is the referent],incense,project-plot,29677,Nabataea (region),https://pleiades.stoa.org/places/29677,29,35.3
nardinon,balanos,balanos oil / perfumers’ balanos nut,ἔλαιον βαλάνινον / βάλανος μυρεψική,member,Role in nardinon: base oil (Dsc 1.62: mixed for the most part with balanos oil). Ingredient-level claim reused from the project dataset.,bal-ethiopia,Ethiopia,attested-ancient,"Pliny, Naturalis historia 12.101",Some authorities preferred an Ethiopian black grade.,redsea,project-plot,39274,Aethiopia,https://pleiades.stoa.org/places/39274,10.3,39
nardinon,balanos,balanos oil / perfumers’ balanos nut,ἔλαιον βαλάνινον / βάλανος μυρεψική,member,Role in nardinon: base oil (Dsc 1.62: mixed for the most part with balanos oil). Ingredient-level claim reused from the project dataset.,bal-egypt,Egypt,attested-ancient,"Pliny, Naturalis historia 12.102","The Egyptian grade is red, thick-shelled, and associated with swampy ground.",nile,project-plot,981503,Ancient Egypt (region),https://pleiades.stoa.org/places/981503,27.4,30.7
nardinon,balanos,balanos oil / perfumers’ balanos nut,ἔλαιον βαλάνινον / βάλανος μυρεψική,member,Role in nardinon: base oil (Dsc 1.62: mixed for the most part with balanos oil). Ingredient-level claim reused from the project dataset.,bal-petra,Petra,attested-ancient,"Pliny, Naturalis historia 12.102","The Petraean grade, black-shelled with a white kernel, is ranked far above the others.",incense,project-plot,697725,Petra,https://pleiades.stoa.org/places/697725,30.33,35.44
nardinon,omphacine,omphacine oil,ἔλαιον ὀμφάκινον,member,Role in nardinon: alternative base oil (Dsc 1.62). Ingredient-level claim reused from the project dataset.,omph-local,Egyptian workshop context — source unstated,inference-modern,"Dioscorides, De materia medica 1.59; Paul of Aegina, Epitome 7.20.16",The recipe is Egyptian; neither checked passage states that the omphacine oil itself was pressed in or originated from Egypt. [Pleiades match: workshop context; conventional plotting point],,project-plot,,,,29.9,31
nardinon,schoinos,aromatic rush / rush-flower,σχοῖνος / σχοίνου ἄνθος,member,Role in nardinon: styptic thickening of the oil (Dsc 1.62). Ingredient-level claim reused from the project dataset.,rush-nabataea,Nabataea,attested-ancient,"Dioscorides, De materia medica 1.17",The Nabataean rush is ranked best.,incense,project-plot,29677,Nabataea (region),https://pleiades.stoa.org/places/29677,30.7,35.1
nardinon,schoinos,aromatic rush / rush-flower,σχοῖνος / σχοίνου ἄνθος,member,Role in nardinon: styptic thickening of the oil (Dsc 1.62). Ingredient-level claim reused from the project dataset.,rush-arabia,Arabia,attested-ancient,"Dioscorides, De materia medica 1.17",The Arabian rush is ranked second.,incense,project-plot,29475,Arabia (region),https://pleiades.stoa.org/places/29475,25.2,42.3
nardinon,schoinos,aromatic rush / rush-flower,σχοῖνος / σχοίνου ἄνθος,member,Role in nardinon: styptic thickening of the oil (Dsc 1.62). Ingredient-level claim reused from the project dataset.,rush-libya,Libya,attested-ancient,"Dioscorides, De materia medica 1.17",The Libyan rush is named but dismissed as useless.,med,project-plot,716588,Libya,https://pleiades.stoa.org/places/716588,31.2,15.7
nardinon,schoinos,aromatic rush / rush-flower,σχοῖνος / σχοίνου ἄνθος,member,Role in nardinon: styptic thickening of the oil (Dsc 1.62). Ingredient-level claim reused from the project dataset.,rush-lebanon,Valley beyond Lebanon,attested-ancient,"Theophrastus, Historia plantarum 9.7.1; Pliny, Naturalis historia 12.104–106",Aromatic rush and reed are said to grow in a valley beyond Lebanon beside a seasonal lake.,syria,project-plot,668288,Koile Syria/Massyas,https://pleiades.stoa.org/places/668288,33.7,35.8
nardinon,schoinos,aromatic rush / rush-flower,σχοῖνος / σχοίνου ἄνθος,member,Role in nardinon: styptic thickening of the oil (Dsc 1.62). Ingredient-level claim reused from the project dataset.,rush-campania,Campania — reported,attested-ancient,"Pliny, Naturalis historia 12.106",Pliny reports that the fragrant rush is also found in Campania.,med,project-plot,432742,Campania,https://pleiades.stoa.org/places/432742,40.8,14.7
nardinon,myrrh,myrrh,σμύρνα,member,Role in nardinon: fragrance (Dsc 1.62). Ingredient-level claim reused from the project dataset.,myrrh-trog,Troglodytic coast,attested-ancient,"Dioscorides, De materia medica 1.64; Pliny, Naturalis historia 12.69–70",Both traditions rank a Troglodytic grade highly; Pliny makes it the first grade.,redsea,project-plot,39435,Trogodytice,https://pleiades.stoa.org/places/39435,16.2,39.1
nardinon,myrrh,myrrh,σμύρνα,member,Role in nardinon: fragrance (Dsc 1.62). Ingredient-level claim reused from the project dataset.,myrrh-arabia,South Arabia,attested-ancient,"Dioscorides, De materia medica 1.64; Pliny, Naturalis historia 12.66, 12.69–70","Arabian claim. Pliny’s grade names include Minaean, Atramitic, Gebbanitic, Ausaritis, Dianitis, Sambracena, Dusaritis, and Mesalum; their precise point locations are not invented here. [Pleiades match: generic 'South Arabia'; Saba is the nearest Pleiades region (cf. Minaei, 39386)]",incense,project-plot,39417,Saba,https://pleiades.stoa.org/places/39417,15.4,44.2
nardinon,balsam,balsam fruit / balsam seed,καρπὸς βαλσάμου / καρποβάλσαμον,member,Role in nardinon: fragrance (Dsc 1.62). Ingredient-level claim reused from the project dataset.,balsam-judaea,Judaea,attested-ancient,"Pliny, Naturalis historia 12.111–123",Pliny says balsam was granted to Judaea alone and describes two royal gardens. He does not name En Gedi in this passage.,incense,project-plot,687934,Iudaea (region),https://pleiades.stoa.org/places/687934,31.3,35
nardinon,balsam,balsam fruit / balsam seed,καρπὸς βαλσάμου / καρποβάλσαμον,member,Role in nardinon: fragrance (Dsc 1.62). Ingredient-level claim reused from the project dataset.,balsam-jericho,Jericho,attested-ancient,"Josephus, Bellum Judaicum 4.469","Josephus names Jericho as a producer of opobalsam, alongside henna and myrobalanos.",incense,project-plot,687917,Jericho,https://pleiades.stoa.org/places/687917,31.87,35.44
nardinon,nardos,spikenard,νάρδος,member,Composition per Dioscorides 1.62; simple not yet in the project dataset — compiled for this export.,nardinon-nardos-50004,India,attested-ancient,"Dioscorides, De materia medica 1.7 (Indian nard; the 'Syrian' kind is named for the Syria-facing slope of the same mountain); Pliny, Naturalis historia 12.42–46",,india,pleiades-representative,50004,India,https://pleiades.stoa.org/places/50004,20.6367,79.5333
nardinon,nardos,spikenard,νάρδος,member,Composition per Dioscorides 1.62; simple not yet in the project dataset — compiled for this export.,nardinon-nardos-59822,Ganges,attested-ancient,"Dioscorides, De materia medica 1.7.2 (Gangitis nard, from the river Ganges flowing past the mountain)",,india,pleiades-representative,59822,Ganges (river),https://pleiades.stoa.org/places/59822,25.9323,83.7799
nardinon,malabathron,malabathron,μαλάβαθρον,member,Composition per Dioscorides 1.62; simple not yet in the project dataset — compiled for this export.,nardinon-malabathron-50004,India,attested-ancient,"Dioscorides, De materia medica 1.12 (grows in the Indian marshes, a leaf floating on the water); cf. Pliny, Naturalis historia 12.129",,india,pleiades-representative,50004,India,https://pleiades.stoa.org/places/50004,20.6367,79.5333
nardinon,kostos,kostos,κόστος,member,Composition per Dioscorides 1.62; simple not yet in the project dataset — compiled for this export.,nardinon-kostos-29475,Arabia,attested-ancient,"Dioscorides, De materia medica 1.16 (the Arabian, white and light, is best)",,,pleiades-representative,29475,Arabia (region),https://pleiades.stoa.org/places/29475,24.149,46.5515
nardinon,kostos,kostos,κόστος,member,Composition per Dioscorides 1.62; simple not yet in the project dataset — compiled for this export.,nardinon-kostos-59988,Patalene (Indus delta),attested-ancient,"Pliny, Naturalis historia 12.41 (the island of Patale at the mouth of the Indus)",,india,pleiades-representative,59988,Patalene,https://pleiades.stoa.org/places/59988,25.0056,68.5448
nardinon,amomon,amomon,ἄμωμον,member,Composition per Dioscorides 1.62; simple not yet in the project dataset — compiled for this export.,nardinon-amomon-874350,Armenia,attested-ancient,"Dioscorides, De materia medica 1.15 (the Armenian, golden in colour, is best)",,,pleiades-representative,874350,Armenia (region),https://pleiades.stoa.org/places/874350,38.7401,42.167
nardinon,amomon,amomon,ἄμωμον,member,Composition per Dioscorides 1.62; simple not yet in the project dataset — compiled for this export.,nardinon-amomon-903080,Media,attested-ancient,"Dioscorides, De materia medica 1.15 (the Median, from plains and watery ground, is weaker)",,,pleiades-representative,903080,Media (region),https://pleiades.stoa.org/places/903080,35.0482,48.9193
nardinon,amomon,amomon,ἄμωμον,member,Composition per Dioscorides 1.62; simple not yet in the project dataset — compiled for this export.,nardinon-amomon-857287,Pontus,attested-ancient,"Dioscorides, De materia medica 1.15 (the Pontic, yellowish and grape-cluster-like)",,,pleiades-representative,857287,Pontus,https://pleiades.stoa.org/places/857287,40.2214,37.9234
